类别,连接器,脚位,网络,RA8P1/来源,默认状态,说明
电源,J_PWR12,1,GND,外部电源,,12V地
电源,J_PWR12,2,12V_IN,外部电源,,12V正
电源,J_PWR_LOGIC,1,GND,外部电源,,逻辑5V地
电源,J_PWR_LOGIC,2,5V_LOGIC_IN,外部电源,,AHCT和称重逻辑电源
电源,J_PWR_SERVO,1,8V4_SERVO_IN,外部电源,,8.4V舵机电源
电源,J_PWR_SERVO,2,GND,外部电源,,舵机地
电源,J_PWR_SERVO,3,5V_SERVO_IN,外部电源,,5V舵机电源
显示屏,J_DISPLAY,1,TOUCH_INT_OPT,P513经0欧DNP,悬空,同一屏幕模块内FT6336触摸INT
显示屏,J_DISPLAY,2,NC,不连接,悬空,对应屏幕NC
显示屏,J_DISPLAY,3,TOUCH_SDA,P511/IIC1,高,同一屏幕模块内FT6336 SDA
显示屏,J_DISPLAY,4,TOUCH_RST,P105,高,同一屏幕模块内FT6336复位
显示屏,J_DISPLAY,5,TOUCH_SCL,P512/IIC1,高,同一屏幕模块内FT6336 SCL
显示屏,J_DISPLAY,6,NC_LCD_MISO,不连接,悬空,SPI1当前仅发送
显示屏,J_DISPLAY,7,LCD_LED,JP_LCD_LED,3.3V,默认常亮可切P415控制
显示屏,J_DISPLAY,8,LCD_SCK,P102/SPI1 RSPCK1,,屏幕SPI时钟
显示屏,J_DISPLAY,9,LCD_MOSI,P708/SPI1 MOSI1,,屏幕SPI数据
显示屏,J_DISPLAY,10,LCD_DC,P410,低,数据命令选择
显示屏,J_DISPLAY,11,LCD_RESET_N,P409,低,ILI9488低有效复位
显示屏,J_DISPLAY,12,LCD_CS_N,P404,低,ILI9488低有效片选
显示屏,J_DISPLAY,13,GND,P10,,整块屏幕模块地
显示屏,J_DISPLAY,14,3V3_RA,P9,,整块屏幕模块3.3V
摄像头,J_CAMERA,1,GND,P10,,ATK-MC5640原厂2x9脚位
摄像头,J_CAMERA,2,3V3_RA,P9,,摄像头3.3V
摄像头,J_CAMERA,3,CAM_SCL,P602,高,SCCB时钟4.7k上拉
摄像头,J_CAMERA,4,CAM_VSYNC,PB02/CEU VIO_VD,,帧同步输入
摄像头,J_CAMERA,5,CAM_SDA,P603,高,SCCB数据4.7k上拉
摄像头,J_CAMERA,6,CAM_HREF,PB03/CEU VIO_HD,,行有效输入
摄像头,J_CAMERA,7,CAM_D0,P400/CEU VIO_D0,,串联22至33欧
摄像头,J_CAMERA,8,CAM_RESET_N,P000,低,低有效10k下拉
摄像头,J_CAMERA,9,CAM_D2,P405/CEU VIO_D2,,串联22至33欧
摄像头,J_CAMERA,10,CAM_D1,P401/CEU VIO_D1,,串联22至33欧
摄像头,J_CAMERA,11,CAM_D4,P700/CEU VIO_D4,,串联22至33欧
摄像头,J_CAMERA,12,CAM_D3,P406/CEU VIO_D3,,串联22至33欧
摄像头,J_CAMERA,13,CAM_D6,P702/CEU VIO_D6,,串联22至33欧
摄像头,J_CAMERA,14,CAM_D5,P701/CEU VIO_D5,,串联22至33欧
摄像头,J_CAMERA,15,CAM_PCLK,P414/CEU VIO_CLK,,像素时钟串联22至33欧
摄像头,J_CAMERA,16,CAM_D7,P703/CEU VIO_D7,,串联22至33欧
摄像头,J_CAMERA,17,CAM_PWDN,P001,高,高有效10k上拉
摄像头,J_CAMERA,18,NC_CAM_FLASH,不连接,悬空,V1.2原理图为NC
电机,J_MOTOR1,1,MOTOR1_EN_N_5V_OPTION,P911经AHCT244和0R/DNP,悬空,旧线束原空脚，确认驱动器后焊
电机,J_MOTOR1,2,MOTOR1_ALM_OC_RESERVED,预留,悬空,只允许开集电极
电机,J_MOTOR1,3,MOTOR1_DIR_5V,P600经AHCT244,低,兼容旧板
电机,J_MOTOR1,4,MOTOR1_STEP_5V,P304经AHCT244,低,兼容旧板
电机,J_MOTOR1,5,GND,GND,,兼容旧板
电机,J_MOTOR1,6,5V_LOGIC_OPTION,5V_LOGIC经0R/DNP,悬空,旧线束原空脚，确认驱动器后焊
电机,J_MOTOR1,7,GND,GND,,兼容旧板
电机,J_MOTOR1,8,12V_MOTOR,12V输入,,兼容旧板
电机,J_MOTOR2,1,MOTOR2_EN_N_5V_OPTION,P911经AHCT244和0R/DNP,悬空,旧线束原空脚，确认驱动器后焊
电机,J_MOTOR2,2,MOTOR2_ALM_OC_RESERVED,预留,悬空,只允许开集电极
电机,J_MOTOR2,3,MOTOR2_DIR_5V,P106经AHCT244,低,兼容旧板
电机,J_MOTOR2,4,MOTOR2_STEP_5V,P501默认/P304共用备选,低,0欧二选一
电机,J_MOTOR2,5,GND,GND,,兼容旧板
电机,J_MOTOR2,6,5V_LOGIC_OPTION,5V_LOGIC经0R/DNP,悬空,旧线束原空脚，确认驱动器后焊
电机,J_MOTOR2,7,GND,GND,,兼容旧板
电机,J_MOTOR2,8,12V_MOTOR,12V输入,,兼容旧板
电机,J_MOTOR3,1,MOTOR3_EN_N_5V_OPTION,P911经AHCT244和0R/DNP,悬空,旧线束原空脚，确认驱动器后焊
电机,J_MOTOR3,2,MOTOR3_ALM_OC_RESERVED,预留,悬空,只允许开集电极
电机,J_MOTOR3,3,MOTOR3_DIR_5V,PB07经AHCT244,低,兼容旧板
电机,J_MOTOR3,4,MOTOR3_STEP_5V,P502默认/P304共用备选,低,0欧二选一
电机,J_MOTOR3,5,GND,GND,,兼容旧板
电机,J_MOTOR3,6,5V_LOGIC_OPTION,5V_LOGIC经0R/DNP,悬空,旧线束原空脚，确认驱动器后焊
电机,J_MOTOR3,7,GND,GND,,兼容旧板
电机,J_MOTOR3,8,12V_MOTOR,12V输入,,兼容旧板
电机,J_MOTOR4,1,MOTOR4_EN_N_5V_OPTION,P911经AHCT244和0R/DNP,悬空,旧线束原空脚，确认驱动器后焊
电机,J_MOTOR4,2,MOTOR4_ALM_OC_RESERVED,预留,悬空,只允许开集电极
电机,J_MOTOR4,3,MOTOR4_DIR_5V,P711经AHCT244,低,兼容旧板
电机,J_MOTOR4,4,MOTOR4_STEP_5V,P810默认/P304共用备选,低,0欧二选一
电机,J_MOTOR4,5,GND,GND,,兼容旧板
电机,J_MOTOR4,6,5V_LOGIC_OPTION,5V_LOGIC经0R/DNP,悬空,旧线束原空脚，确认驱动器后焊
电机,J_MOTOR4,7,GND,GND,,兼容旧板
电机,J_MOTOR4,8,12V_MOTOR,12V输入,,兼容旧板
升降,J_LIFT,1,LIFT_EN_N_5V_OPTION,P904经AHCT244和0R/DNP,悬空,旧线束原空脚，确认驱动器后焊
升降,J_LIFT,2,LIFT_ALM_OC_RESERVED,预留,悬空,只允许开集电极
升降,J_LIFT,3,LIFT_DIR_5V,P903经AHCT244,低,独立接口
升降,J_LIFT,4,LIFT_STEP_5V,P712经AHCT244,低,独立接口
升降,J_LIFT,5,GND,GND,,
升降,J_LIFT,6,5V_LOGIC_OPTION,5V_LOGIC经0R/DNP,悬空,确认驱动器后焊
升降,J_LIFT,7,GND,GND,,
升降,J_LIFT,8,12V_MOTOR,12V输入,,
舵机,J_SERVO1,1,GND,GND,,左360度
舵机,J_SERVO1,2,SERVO1_V,JP_SERVO1,5V,5V/8.4V可选
舵机,J_SERVO1,3,SERVO1_PWM_3V3,P915直连,低,现用
舵机,J_SERVO2,1,GND,GND,,右360度
舵机,J_SERVO2,2,SERVO2_V,JP_SERVO2,5V,5V/8.4V可选
舵机,J_SERVO2,3,SERVO2_PWM_3V3,P914直连,低,现用
舵机,J_SERVO3,1,GND,GND,,270度转盘
舵机,J_SERVO3,2,SERVO3_V,JP_SERVO3,5V,5V/8.4V可选
舵机,J_SERVO3,3,SERVO3_PWM_3V3,P807直连,低,现用
舵机,J_SERVO4,1,GND,GND,,备用
舵机,J_SERVO4,2,SERVO4_V,JP_SERVO4,5V,5V/8.4V可选
舵机,J_SERVO4,3,SERVO4_PWM_3V3,P811直连,低,GPT10B备用
舵机,J_SERVO5,1,GND,GND,,备用
舵机,J_SERVO5,2,SERVO5_V,JP_SERVO5,5V,5V/8.4V可选
舵机,J_SERVO5,3,SERVO5_PWM_3V3,P812直连,低,GPT11A备用
舵机,J_SERVO6,1,GND,GND,,备用
舵机,J_SERVO6,2,SERVO6_V,JP_SERVO6,5V,5V/8.4V可选
舵机,J_SERVO6,3,SERVO6_PWM_3V3,P500直连,低,GPT11B备用
急停,J_ESTOP,1,ESTOP_LOOP_IN,硬件回路,,常闭触点
急停,J_ESTOP,2,ESTOP_LOOP_OUT,硬件回路,,常闭触点
急停,J_ESTOP,3,ESTOP_SENSE_3V3,P403,高,按下接地
急停,J_ESTOP,4,GND,GND,,软件反馈地
限位,J_LIMIT_UP,1,LIMIT_UP_3V3,P910,高,触发接地
限位,J_LIMIT_UP,2,GND,GND,,独立插座
限位,J_LIMIT_HOME,1,LIMIT_HOME_3V3,P913,高,触发接地
限位,J_LIMIT_HOME,2,GND,GND,,独立插座
称重,J_WEIGHT,1,WEIGHT_VCC,JP_WEIGHT_V,5V,3.3V/5V可选
称重,J_WEIGHT,2,GND,GND,,
称重,J_WEIGHT,3,WEIGHT_TX_TO_MODULE,P714经TXS0102,,模块RX
称重,J_WEIGHT,4,WEIGHT_RX_FROM_MODULE,P715经TXS0102,,模块TX
冗余,J_SPARE_UART6,1,3V3_RA,P9,,仅低功耗
冗余,J_SPARE_UART6,2,GND,P10,,
冗余,J_SPARE_UART6,3,SPARE_UART6_TX,P908,,3.3V TTL
冗余,J_SPARE_UART6,4,SPARE_UART6_RX,P909,,3.3V TTL
冗余,J_SPARE_I2C2,1,3V3_RA,P9,,仅低功耗
冗余,J_SPARE_I2C2,2,GND,P10,,
冗余,J_SPARE_I2C2,3,SPARE_I2C2_SDA,P514,,可选4.7k上拉
冗余,J_SPARE_I2C2,4,SPARE_I2C2_SCL,P515,,可选4.7k上拉
冗余,J_SPARE_GPIO1,1,3V3_RA,P9,,
冗余,J_SPARE_GPIO1,2,GND,P10,,
冗余,J_SPARE_GPIO1,3,SPARE_GPIO1,P801,,GPIO/IRQ
冗余,J_SPARE_GPIO2,1,3V3_RA,P9,,
冗余,J_SPARE_GPIO2,2,GND,P10,,
冗余,J_SPARE_GPIO2,3,SPARE_GPIO2,P802,,GPIO/IRQ
冗余,J_SPARE_GPIO3,1,3V3_RA,P9,,
冗余,J_SPARE_GPIO3,2,GND,P10,,
冗余,J_SPARE_GPIO3,3,SPARE_GPIO3,P804,,GPIO/IRQ
冗余,J_SPARE_ADC,1,3V3_RA,P9,,
冗余,J_SPARE_ADC,2,GND,P10,,
冗余,J_SPARE_ADC,3,SPARE_ADC_AN017,P805,,输入不得超过3.3V
